Color,Modelo,Articulo,SKU,Descripcion Operam,Estado,Cantidad,Precio lista (sin IVA),Precio M6000 (sin IVA),Importe M6000,Precio estimado de,Inactivo
Azul cobalto,VA05,Taza 5,VA05A31112,Taza 5 azul filete azul,EXISTE,1,68.97,27.59,27.59,,
Azul cobalto,SA08,Salsera 8,SA08A3001112,Salsera 8 azul filete azul,EXISTE,1,77.59,31.03,31.03,,
Azul cobalto,VA08,Taza 8,VA08A31112,Taza 8 azul filete azul,EXISTE,1,86.21,34.48,34.48,,
Azul cobalto,TA14,Tazon 14,TA14A31112,Tazon 14 azul filete azul,EXISTE,1,107.76,43.10,43.10,,
Azul cobalto,PH20,Plato 20 hondo,PH20A3001112,Plato 20 hondo azul filete azul,EXISTE,1,172.41,68.97,68.97,,
Azul cobalto,PL14,Plato 14,PL14A3001112,Plato 14 azul filete azul,EXISTE,1,86.21,34.48,34.48,,
Azul cobalto,PL24,Plato 24,PL24A31112,Plato 24 azul filete azul,EXISTE,1,172.41,68.97,68.97,,
Azul cobalto,PL27,Plato 27,PL27A3001112,Plato 27 azul filete azul,EXISTE,1,228.45,91.38,91.38,,
Azul con manchas rosas,VA05,Taza 5,VA05A3P32112,Taza 5 azul con manchas rosas filete azul,EXISTE,1,99.14,39.66,39.66,,
Azul con manchas rosas,SA08,Salsera 8,SA08A3P32112,Salsera 8 azul con manchas rosas filete azul,EXISTE,1,107.76,43.10,43.10,,
Azul con manchas rosas,VA08,Taza 8,VA08A3P32112,Taza 8 azul con manchas rosas filete azul,EXISTE,1,116.38,46.55,46.55,,
Azul con manchas rosas,TA14,Tazon 14,TA14A3P32112,Tazon 14 azul con manchas rosas filete azul,EXISTE,1,163.79,65.52,65.52,,
Azul con manchas rosas,PH20,Plato 20 hondo,PH20A3P32112,Plato 20 hondo azul con manchas rosas filete azul,EXISTE,1,254.31,101.72,101.72,,
Azul con manchas rosas,PL14,Plato 14,PL14A3P32112,Plato 14 azul con manchas rosas filete azul,EXISTE,1,116.38,46.55,46.55,,
Azul con manchas rosas,PL24,Plato 24,PL24A3P32112,Plato 24 azul con manchas rosas filete azul,EXISTE,1,254.31,101.72,101.72,,
Azul con manchas rosas,PL27,Plato 27,PL27A3P32112,Plato 27 azul con manchas rosas filete azul,EXISTE,1,331.90,132.76,132.76,,
Blanco con manchas azules,VA05,Taza 5,VA05B1A32112,Taza 5 blanco con manchas azules filete azul,EXISTE,1,99.14,39.66,39.66,,
Blanco con manchas azules,SA08,Salsera 8,SA08B1A32112,Salsera 8 blanco con manchas azules filete azul,EXISTE,1,107.76,43.10,43.10,,
Blanco con manchas azules,VA08,Taza 8,VA08B1A32112,Taza 8 blanco con manchas azules filete azul,EXISTE,1,116.38,46.55,46.55,,
Blanco con manchas azules,TA14,Tazon 14,TA14B1A32112,Tazon 14 blanco con manchas azules filete azul,EXISTE,1,163.79,65.52,65.52,,
Blanco con manchas azules,PH20,Plato 20 hondo,PH20B1A32112,Plato 20 hondo blanco con manchas azules filete azul,EXISTE,1,254.31,101.72,101.72,,
Blanco con manchas azules,PL14,Plato 14,PL14B1A32112,Plato 14 blanco con manchas azules filete azul,EXISTE,1,116.38,46.55,46.55,,
Blanco con manchas azules,PL24,Plato 24,PL24B1A32112,Plato 24 blanco con manchas azules filete azul,EXISTE,1,254.31,101.72,101.72,,
Blanco con manchas azules,PL27,Plato 27,PL27B1A32112,Plato 27 blanco con manchas azules filete azul,EXISTE,1,331.90,132.76,132.76,,
Blanco con manchas rosas,VA05,Taza 5,VA05B1P32120,Taza 5 blanco con manchas rosas s/filetes,EXISTE,1,99.14,39.66,39.66,,
Blanco con manchas rosas,SA08,Salsera 8,SA08B1P32120,Salsera 8 blanco con manchas rosas s/filetes,EXISTE,1,107.76,43.10,43.10,,
Blanco con manchas rosas,VA08,Taza 8,VA08B1P32120,Taza 8 blanco con manchas rosas s/filetes,EXISTE,1,116.38,46.55,46.55,,
Blanco con manchas rosas,TA14,Tazon 14,TA14B1P32120,Tazon 14 blanco con manchas rosas s/filetes,EXISTE,1,163.79,65.52,65.52,,
Blanco con manchas rosas,PH20,Plato 20 hondo,PH20B1P32120,Plato 20 hondo blanco con manchas rosas s/filetes,EXISTE,1,254.31,101.72,101.72,,
Blanco con manchas rosas,PL14,Plato 14,PL14B1P32120,Plato 14 blanco con manchas rosas s/filetes,EXISTE,1,116.38,46.55,46.55,,
Blanco con manchas rosas,PL24,Plato 24,PL24B1P32120,Plato 24 blanco con manchas rosas s/filetes,EXISTE,1,254.31,101.72,101.72,,
Blanco con manchas rosas,PL27,Plato 27,PL27B1P32120,Plato 27 blanco con manchas rosas s/filetes,EXISTE,1,331.90,132.76,132.76,,
Blanco filete azul,VA05,Taza 5,VA05B1001112,Taza 5 blanco filete azul,EXISTE,1,68.97,27.59,27.59,,
Blanco filete azul,SA08,Salsera 8,SA08B11112,Salsera 8 blanco filete azul,EXISTE,1,77.59,31.03,31.03,,
Blanco filete azul,VA08,Taza 8,VA08B1001112,Taza 8 blanco filete azul,EXISTE,1,86.21,34.48,34.48,,
Blanco filete azul,TA14,Tazon 14,TA14B11112,Tazon 14 blanco filete azul,EXISTE,1,107.76,43.10,43.10,,
Blanco filete azul,PH20,Plato 20 hondo,PH20B1001112,Plato 20 hondo blanco filete azul,EXISTE,1,172.41,68.97,68.97,,
Blanco filete azul,PL14,Plato 14,PL14B1001112,Plato 14 blanco filete azul,EXISTE,1,86.21,34.48,34.48,,
Blanco filete azul,PL24,Plato 24,PL24B11112,Plato 24 blanco filete azul,EXISTE,1,172.41,68.97,68.97,,
Blanco filete azul,PL27,Plato 27,PL27B1001112,Plato 27 blanco filete azul,EXISTE,1,228.45,91.38,91.38,,
Blanco filete negro,VA05,Taza 5,VA05B11111,Taza 5 blanco filete negro,EXISTE,1,68.97,27.59,27.59,,
Blanco filete negro,SA08,Salsera 8,SA08B1001111,Salsera 8 blanco filete negro,EXISTE,1,77.59,31.03,31.03,,
Blanco filete negro,VA08,Taza 8,VA08B11111,Taza 8 blanco filete negro,EXISTE,1,86.21,34.48,34.48,,
Blanco filete negro,TA14,Tazon 14,TA14B11111,Tazon 14 blanco filete negro,EXISTE,1,107.76,43.10,43.10,,
Blanco filete negro,PH20,Plato 20 hondo,PH20B1001111,Plato 20 hondo blanco filete negro,EXISTE,1,172.41,68.97,68.97,,
Blanco filete negro,PL14,Plato 14,PL14B1001111,Plato 14 blanco filete negro,EXISTE,1,86.21,34.48,34.48,,
Blanco filete negro,PL24,Plato 24,PL24B11111,Plato 24 blanco filete negro,EXISTE,1,172.41,68.97,68.97,,
Blanco filete negro,PL27,Plato 27,PL27B1001111,Plato 27 blanco filete negro,EXISTE,1,228.45,91.38,91.38,,
Blanco s/filetes,VA05,Taza 5,VA05B11121,Taza 5 blanco s/filetes,EXISTE,1,68.97,27.59,27.59,,
Blanco s/filetes,SA08,Salsera 8,SA08B1001120,Salsera 8 blanco s/filetes,EXISTE,1,77.59,31.03,31.03,,
Blanco s/filetes,VA08,Taza 8,VA08B11121,Taza 8 blanco s/filetes,EXISTE,1,86.21,34.48,34.48,,
Blanco s/filetes,TA14,Tazon 14,TA14B11121,Tazon 14 blanco s/filetes,EXISTE,1,107.76,43.10,43.10,,
Blanco s/filetes,PH20,Plato 20 hondo,PH20B1001120,Plato 20 hondo blanco s/filetes,EXISTE,1,172.41,68.97,68.97,,
Blanco s/filetes,PL14,Plato 14,PL14B1001120,Plato 14 blanco s/filetes,EXISTE,1,86.21,34.48,34.48,,
Blanco s/filetes,PL24,Plato 24,PL24B11121,Plato 24 blanco s/filetes,EXISTE,1,172.41,68.97,68.97,,
Blanco s/filetes,PL27,Plato 27,PL27B1001120,Plato 27 blanco s/filetes,EXISTE,1,228.45,91.38,91.38,,
Blanco salpicado de azul,VA05,Taza 5,VA05B17021,Taza 5 blanco salpicado azul s/filetes,EXISTE,1,99.14,39.66,39.66,,
Blanco salpicado de azul,SA08,Salsera 8,SA08B1A37020,Salsera 8 blanco salpicado azul s/filetes,EXISTE,1,107.76,43.10,43.10,,
Blanco salpicado de azul,VA08,Taza 8,VA08B17021,Taza 8 blanco salpicado azul s/filetes,EXISTE,1,116.38,46.55,46.55,,
Blanco salpicado de azul,TA14,Tazon 14,TA14B17021,Tazon 14 blanco salpicado azul s/filetes,EXISTE,1,163.79,65.52,65.52,,
Blanco salpicado de azul,PH20,Plato 20 hondo,PH20B1A37120,Plato 20 hondo blanco salpicado azul s/filetes,EXISTE,1,254.31,101.72,101.72,,
Blanco salpicado de azul,PL14,Plato 14,PL14B1A37120,Plato 14 blanco salpicado azul s/filetes,EXISTE,1,116.38,46.55,46.55,,
Blanco salpicado de azul,PL24,Plato 24,PL24B17021,Plato 24 blanco salpicado azul s/filetes,EXISTE,1,254.31,101.72,101.72,,
Blanco salpicado de azul,PL27,Plato 27,PL27B1A37120,Plato 27 blanco salpicado azul s/filetes,EXISTE,1,331.90,132.76,132.76,,
Blanco salpicado de rosa,VA05,Taza 5,VA05B17023,Taza 5 blanco salpicado rosa s/filetes,EXISTE,1,99.14,39.66,39.66,,
Blanco salpicado de rosa,SA08,Salsera 8,SA08B17020,Salsera 8 blanco salpicado rosa s/filetes,EXISTE,1,107.76,43.10,43.10,,
Blanco salpicado de rosa,VA08,Taza 8,VA08B17023,Taza 8 blanco salpicado rosa s/filetes,EXISTE,1,116.38,46.55,46.55,,
Blanco salpicado de rosa,TA14,Tazon 14,TA14B17023,Tazon 14 blanco salpicado rosa s/filetes,EXISTE,1,163.79,65.52,65.52,,
Blanco salpicado de rosa,PH20,Plato 20 hondo,PH20B1P37120,Plato 20 hondo blanco salpicado rosa s/filetes,EXISTE,1,254.31,101.72,101.72,,
Blanco salpicado de rosa,PL14,Plato 14,PL14B1P37120,Plato 14 blanco salpicado rosa s/filetes,EXISTE,1,116.38,46.55,46.55,,
Blanco salpicado de rosa,PL24,Plato 24,PL24B17023,Plato 24 blanco salpicado rosa s/filetes,EXISTE,1,254.31,101.72,101.72,,
Blanco salpicado de rosa,PL27,Plato 27,PL27B1P37120,Plato 27 blanco salpicado rosa s/filetes,EXISTE,1,331.90,132.76,132.76,,
Cafe filete negro,VA05,Taza 5,VA05C1001111,Taza 5 cafe filete negro,EXISTE,1,68.97,27.59,27.59,,
Cafe filete negro,SA08,Salsera 8,SA08C1001111,Salsera 8 cafe filete negro,EXISTE,1,77.59,31.03,31.03,,
Cafe filete negro,VA08,Taza 8,VA08C1001111,Taza 8 cafe filete negro,EXISTE,1,86.21,34.48,34.48,,
Cafe filete negro,TA14,Tazon 14,TA14C1001111,Tazon 14 cafe filete negro,EXISTE,1,107.76,43.10,43.10,,
Cafe filete negro,PH20,Plato 20 hondo,PH20C1001111,Plato 20 hondo cafe filete negro,EXISTE,1,172.41,68.97,68.97,,
Cafe filete negro,PL14,Plato 14,PL14C1001111,Plato 14 cafe filete negro,EXISTE,1,86.21,34.48,34.48,,
Cafe filete negro,PL24,Plato 24,PL24C1001111,Plato 24 cafe filete negro,EXISTE,1,172.41,68.97,68.97,,
Cafe filete negro,PL27,Plato 27,PL27C1001111,Plato 27 cafe filete negro,EXISTE,1,228.45,91.38,91.38,,
Crema con manchas menta,VA05,Taza 5,VA05Y4M32120,Taza 5 crema con manchas menta s/filetes,EXISTE,1,99.14,39.66,39.66,,
Crema con manchas menta,SA08,Salsera 8,SA08Y4M32120,Salsera 8 crema con manchas menta s/filetes,EXISTE,1,107.76,43.10,43.10,,
Crema con manchas menta,VA08,Taza 8,VA08Y4M32120,Taza 8 crema con manchas menta s/filetes,EXISTE,1,116.38,46.55,46.55,,
Crema con manchas menta,TA14,Tazon 14,TA14Y4M32120,Tazon 14 crema con manchas menta s/filetes,EXISTE,1,163.79,65.52,65.52,,
Crema con manchas menta,PH20,Plato 20 hondo,PH20Y4M32120,Plato 20 hondo crema con manchas menta s/filetes,EXISTE,1,254.31,101.72,101.72,,
Crema con manchas menta,PL14,Plato 14,PL14Y4M32120,Plato 14 crema con manchas menta s/filetes,EXISTE,1,116.38,46.55,46.55,,
Crema con manchas menta,PL24,Plato 24,PL24Y4M32120,Plato 24 crema con manchas menta s/filetes,EXISTE,1,254.31,101.72,101.72,,
Crema con manchas menta,PL27,Plato 27,PL27Y4M32120,Plato 27 crema con manchas menta s/filetes,EXISTE,1,331.90,132.76,132.76,,
Crema con manchas mostaza,VA05,Taza 5,VA05Y4Y32120,Taza 5 crema con manchas mostaza s/filetes,EXISTE,1,99.14,39.66,39.66,,
Crema con manchas mostaza,SA08,Salsera 8,SA08Y4Y32120,Salsera 8 crema con manchas mostaza s/filetes,EXISTE,1,107.76,43.10,43.10,,
Crema con manchas mostaza,VA08,Taza 8,VA08Y4Y32120,Taza 8 crema con manchas mostaza s/filetes,EXISTE,1,116.38,46.55,46.55,,
Crema con manchas mostaza,TA14,Tazon 14,TA14Y4Y32120,Tazon 14 crema con manchas mostaza s/filetes,EXISTE,1,163.79,65.52,65.52,,
Crema con manchas mostaza,PH20,Plato 20 hondo,PH20Y4Y32120,Plato 20 hondo crema con manchas mostaza s/filetes,EXISTE,1,254.31,101.72,101.72,,
Crema con manchas mostaza,PL14,Plato 14,PL14Y4Y32120,Plato 14 crema con manchas mostaza s/filetes,EXISTE,1,116.38,46.55,46.55,,
Crema con manchas mostaza,PL24,Plato 24,PL24Y4Y32120,Plato 24 crema con manchas mostaza s/filetes,EXISTE,1,254.31,101.72,101.72,,
Crema con manchas mostaza,PL27,Plato 27,PL27Y4Y32120,Plato 27 crema con manchas mostaza s/filetes,EXISTE,1,331.90,132.76,132.76,,
Crema filete negro,VA05,Taza 5,VA05Y21111,Taza 5 crema filete negro,EXISTE,1,68.97,27.59,27.59,,
Crema filete negro,SA08,Salsera 8,SA08Y2001111,Salsera 8 crema filete negro,EXISTE,1,77.59,31.03,31.03,,
Crema filete negro,VA08,Taza 8,VA08Y21111,Taza 8 crema filete negro,EXISTE,1,86.21,34.48,34.48,,
Crema filete negro,TA14,Tazon 14,TA14Y21111,Tazon 14 crema filete negro,EXISTE,1,107.76,43.10,43.10,,
Crema filete negro,PH20,Plato 20 hondo,PH20Y4001111,Plato 20 hondo crema filete negro,EXISTE,1,172.41,68.97,68.97,,
Crema filete negro,PL14,Plato 14,PL14Y2001111,Plato 14 crema filete negro,EXISTE,1,86.21,34.48,34.48,,
Crema filete negro,PL24,Plato 24,PL24Y21111,Plato 24 crema filete negro,EXISTE,1,172.41,68.97,68.97,,
Crema filete negro,PL27,Plato 27,PL27Y4001111,Plato 27 crema filete negro,EXISTE,1,228.45,91.38,91.38,,
Crema salpicado de nopal,VA05,Taza 5,VA05Y4V47120,Taza 5 crema salpicado nopal s/filetes,EXISTE,1,99.14,39.66,39.66,,
Crema salpicado de nopal,SA08,Salsera 8,SA08Y4V47120,Salsera 8 crema salpicado nopal s/filetes,EXISTE,1,107.76,43.10,43.10,,
Crema salpicado de nopal,VA08,Taza 8,VA08Y4V47120,Taza 8 crema salpicado nopal s/filetes,EXISTE,1,116.38,46.55,46.55,,
Crema salpicado de nopal,TA14,Tazon 14,TA14Y4V47120,Tazon 14 crema salpicado nopal s/filetes,EXISTE,1,163.79,65.52,65.52,,
Crema salpicado de nopal,PH20,Plato 20 hondo,PH20Y4V47120,Plato 20 hondo crema salpicado nopal s/filetes,EXISTE,1,254.31,101.72,101.72,,
Crema salpicado de nopal,PL14,Plato 14,PL14Y4V47120,Plato 14 crema salpicado nopal s/filetes,EXISTE,1,116.38,46.55,46.55,,
Crema salpicado de nopal,PL24,Plato 24,PL24Y4V47120,Plato 24 crema salpicado nopal s/filetes,EXISTE,1,254.31,101.72,101.72,,
Crema salpicado de nopal,PL27,Plato 27,PL27Y4V47120,Plato 27 crema salpicado nopal s/filetes,EXISTE,1,331.90,132.76,132.76,,
Durazno filete negro,VA05,Taza 5,VA05P4001111,Taza 5 durazno filete negro,EXISTE,1,68.97,27.59,27.59,,
Durazno filete negro,SA08,Salsera 8,SA08P4001111,Salsera 8 durazno filete negro,EXISTE,1,77.59,31.03,31.03,,
Durazno filete negro,VA08,Taza 8,VA08P4001111,Taza 8 durazno filete negro,EXISTE,1,86.21,34.48,34.48,,
Durazno filete negro,TA14,Tazon 14,TA14P4001111,Tazon 14 durazno filete negro,EXISTE,1,107.76,43.10,43.10,,
Durazno filete negro,PH20,Plato 20 hondo,PH20P4001111,Plato 20 hondo durazno filete negro,EXISTE,1,172.41,68.97,68.97,,
Durazno filete negro,PL14,Plato 14,PL14P4001111,Plato 14 durazno filete negro,EXISTE,1,86.21,34.48,34.48,,
Durazno filete negro,PL24,Plato 24,PL24P4001111,Plato 24 durazno filete negro,EXISTE,1,172.41,68.97,68.97,,
Durazno filete negro,PL27,Plato 27,PL27P4001111,Plato 27 durazno filete negro,EXISTE,1,228.45,91.38,91.38,,
Durazno filete nopal,VA05,Taza 5,VA05P4001116,Taza 5 durazno filete nopal,EXISTE,1,68.97,27.59,27.59,,
Durazno filete nopal,SA08,Salsera 8,SA08P4001116,Salsera 8 durazno filete nopal,EXISTE,1,77.59,31.03,31.03,,
Durazno filete nopal,VA08,Taza 8,VA08P4001116,Taza 8 durazno filete nopal,EXISTE,1,86.21,34.48,34.48,,
Durazno filete nopal,TA14,Tazon 14,TA14P4001116,Tazon 14 durazno filete nopal,EXISTE,1,107.76,43.10,43.10,,
Durazno filete nopal,PH20,Plato 20 hondo,PH20P4001116,Plato 20 hondo durazno filete nopal,EXISTE,1,172.41,68.97,68.97,,
Durazno filete nopal,PL14,Plato 14,PL14P4001116,Plato 14 durazno filete nopal,EXISTE,1,86.21,34.48,34.48,,
Durazno filete nopal,PL24,Plato 24,PL24P4001116,Plato 24 durazno filete nopal,EXISTE,1,172.41,68.97,68.97,,
Durazno filete nopal,PL27,Plato 27,PL27P4001116,Plato 27 durazno filete nopal,EXISTE,1,228.45,91.38,91.38,,
Granito filete negro,VA05,Taza 5,VA05G1001111,Taza 5 granito filete negro,EXISTE,1,68.97,27.59,27.59,,
Granito filete negro,SA08,Salsera 8,SA08G1001111,Salsera 8 granito filete negro,EXISTE,1,77.59,31.03,31.03,,
Granito filete negro,VA08,Taza 8,VA08G11111,Taza 8 granito filete negro,EXISTE,1,86.21,34.48,34.48,,
Granito filete negro,TA14,Tazon 14,TA14G11111,Tazon 14 granito filete negro,EXISTE,1,107.76,43.10,43.10,,
Granito filete negro,PH20,Plato 20 hondo,PH20G1001111,Plato 20 hondo granito filete negro,EXISTE,1,172.41,68.97,68.97,,
Granito filete negro,PL14,Plato 14,PL14G1001111,Plato 14 granito filete negro,EXISTE,1,86.21,34.48,34.48,,
Granito filete negro,PL24,Plato 24,PL24G11111,Plato 24 granito filete negro,EXISTE,1,172.41,68.97,68.97,,
Granito filete negro,PL27,Plato 27,PL27G1001111,Plato 27 granito filete negro,EXISTE,1,228.45,91.38,91.38,,
Lila filete negro,VA05,Taza 5,VA05L1001111,Taza 5 lila filete negro,EXISTE,1,68.97,27.59,27.59,,
Lila filete negro,SA08,Salsera 8,SA08L1001111,Salsera 8 lila filete negro,EXISTE,1,77.59,31.03,31.03,,
Lila filete negro,VA08,Taza 8,VA08L1001111,Taza 8 lila filete negro,EXISTE,1,86.21,34.48,34.48,,
Lila filete negro,TA14,Tazon 14,TA14L1001111,Tazon 14 lila filete negro,EXISTE,1,107.76,43.10,43.10,,
Lila filete negro,PH20,Plato 20 hondo,PH20L1001111,Plato 20 hondo lila filete negro,EXISTE,1,172.41,68.97,68.97,,
Lila filete negro,PL14,Plato 14,PL14L1001111,Plato 14 lila filete negro,EXISTE,1,86.21,34.48,34.48,,
Lila filete negro,PL24,Plato 24,PL24L1001111,Plato 24 lila filete negro,EXISTE,1,172.41,68.97,68.97,,
Lila filete negro,PL27,Plato 27,PL27L1001111,Plato 27 lila filete negro,EXISTE,1,228.45,91.38,91.38,,
Menta con manchas rosas,VA05,Taza 5,VA05M3P32120,Taza 5 menta con manchas rosas s/filetes,EXISTE,1,99.14,39.66,39.66,,
Menta con manchas rosas,SA08,Salsera 8,SA08M3P32120,Salsera 8 menta con manchas rosas s/filetes,EXISTE,1,107.76,43.10,43.10,,
Menta con manchas rosas,VA08,Taza 8,VA08M3P32120,Taza 8 menta con manchas rosas s/filetes,EXISTE,1,116.38,46.55,46.55,,
Menta con manchas rosas,TA14,Tazon 14,TA14M3P32120,Tazon 14 menta con manchas rosas s/filetes,EXISTE,1,163.79,65.52,65.52,,
Menta con manchas rosas,PH20,Plato 20 hondo,PH20M3P32120,Plato 20 hondo menta con manchas rosas s/filetes,EXISTE,1,254.31,101.72,101.72,,
Menta con manchas rosas,PL14,Plato 14,PL14M3P32120,Plato 14 menta con manchas rosas s/filetes,EXISTE,1,116.38,46.55,46.55,,
Menta con manchas rosas,PL24,Plato 24,PL24M3P32120,Plato 24 menta con manchas rosas s/filetes,EXISTE,1,254.31,101.72,101.72,,
Menta con manchas rosas,PL27,Plato 27,PL27M3P32120,Plato 27 menta con manchas rosas s/filetes,EXISTE,1,331.90,132.76,132.76,,
Menta filete negro,VA05,Taza 5,VA05M31111,Taza 5 menta filete negro,EXISTE,1,68.97,27.59,27.59,,
Menta filete negro,SA08,Salsera 8,SA08M3001111,Salsera 8 menta filete negro,EXISTE,1,77.59,31.03,31.03,,
Menta filete negro,VA08,Taza 8,VA08M31111,Taza 8 menta filete negro,EXISTE,1,86.21,34.48,34.48,,
Menta filete negro,TA14,Tazon 14,TA14M31111,Tazon 14 menta filete negro,EXISTE,1,107.76,43.10,43.10,,
Menta filete negro,PH20,Plato 20 hondo,PH20M3001111,Plato 20 hondo menta filete negro,EXISTE,1,172.41,68.97,68.97,,
Menta filete negro,PL14,Plato 14,PL14M3001111,Plato 14 menta filete negro,EXISTE,1,86.21,34.48,34.48,,
Menta filete negro,PL24,Plato 24,PL24M31111,Plato 24 menta filete negro,EXISTE,1,172.41,68.97,68.97,,
Menta filete negro,PL27,Plato 27,PL27M3001111,Plato 27 menta filete negro,EXISTE,1,228.45,91.38,91.38,,
Menta filete nopal,VA05,Taza 5,VA05M3001116,Taza 5 menta filete nopal,EXISTE,1,68.97,27.59,27.59,,
Menta filete nopal,SA08,Salsera 8,SA08M3001116,Salsera 8 menta filete nopal,EXISTE,1,77.59,31.03,31.03,,
Menta filete nopal,VA08,Taza 8,VA08M3001116,Taza 8 menta filete nopal,EXISTE,1,86.21,34.48,34.48,,
Menta filete nopal,TA14,Tazon 14,TA14M3001116,Tazon 14 menta filete nopal,EXISTE,1,107.76,43.10,43.10,,
Menta filete nopal,PH20,Plato 20 hondo,PH20M3001116,Plato 20 hondo menta filete nopal,EXISTE,1,172.41,68.97,68.97,,
Menta filete nopal,PL14,Plato 14,PL14M3001116,Plato 14 menta filete nopal,EXISTE,1,86.21,34.48,34.48,,
Menta filete nopal,PL24,Plato 24,PL24M3001116,Plato 24 menta filete nopal,EXISTE,1,172.41,68.97,68.97,,
Menta filete nopal,PL27,Plato 27,PL27M3001116,Plato 27 menta filete nopal,EXISTE,1,228.45,91.38,91.38,,
Menta s/filetes,VA05,Taza 5,VA05M3001120,Taza 5 menta s/filetes,EXISTE,1,68.97,27.59,27.59,,
Menta s/filetes,SA08,Salsera 8,SA08M3001120,Salsera 8 menta s/filetes,EXISTE,1,77.59,31.03,31.03,,
Menta s/filetes,VA08,Taza 8,VA08M3001120,Taza 8 menta s/filetes,EXISTE,1,86.21,34.48,34.48,,
Menta s/filetes,TA14,Tazon 14,TA14M3001120,Tazon 14 menta s/filetes,EXISTE,1,107.76,43.10,43.10,,
Menta s/filetes,PH20,Plato 20 hondo,PH20M3001120,Plato 20 hondo menta s/filetes,EXISTE,1,172.41,68.97,68.97,,
Menta s/filetes,PL14,Plato 14,PL14M3001120,Plato 14 menta s/filetes,EXISTE,1,86.21,34.48,34.48,,
Menta s/filetes,PL24,Plato 24,PL24M3001120,Plato 24 menta s/filetes,EXISTE,1,172.41,68.97,68.97,,
Menta s/filetes,PL27,Plato 27,PL27M3001120,Plato 27 menta s/filetes,EXISTE,1,228.45,91.38,91.38,,
Menta salpicado de nopal,VA05,Taza 5,VA05M3V47120,Taza 5 menta salpicado nopal s/filetes,EXISTE,1,99.14,39.66,39.66,,
Menta salpicado de nopal,SA08,Salsera 8,SA08M3V47120,Salsera 8 menta salpicado nopal s/filetes,EXISTE,1,107.76,43.10,43.10,,
Menta salpicado de nopal,VA08,Taza 8,VA08M3V47120,Taza 8 menta salpicado nopal s/filetes,EXISTE,1,116.38,46.55,46.55,,
Menta salpicado de nopal,TA14,Tazon 14,TA14M3V47120,Tazon 14 menta salpicado nopal s/filetes,EXISTE,1,163.79,65.52,65.52,,
Menta salpicado de nopal,PH20,Plato 20 hondo,PH20M3V47120,Plato 20 hondo menta salpicado nopal s/filetes,EXISTE,1,254.31,101.72,101.72,,
Menta salpicado de nopal,PL14,Plato 14,PL14M3V47120,Plato 14 menta salpicado nopal s/filetes,EXISTE,1,116.38,46.55,46.55,,
Menta salpicado de nopal,PL24,Plato 24,PL24M3V47120,Plato 24 menta salpicado nopal s/filetes,EXISTE,1,254.31,101.72,101.72,,
Menta salpicado de nopal,PL27,Plato 27,PL27M3V47120,Plato 27 menta salpicado nopal s/filetes,EXISTE,1,331.90,132.76,132.76,,
Mostaza filete negro,VA05,Taza 5,VA05Y31111,Taza 5 mostaza filete negro,EXISTE,1,68.97,27.59,27.59,,
Mostaza filete negro,SA08,Salsera 8,SA08Y3001111,Salsera 8 mostaza filete negro,EXISTE,1,77.59,31.03,31.03,,
Mostaza filete negro,VA08,Taza 8,VA08Y31111,Taza 8 mostaza filete negro,EXISTE,1,86.21,34.48,34.48,,
Mostaza filete negro,TA14,Tazon 14,TA14Y31111,Tazon 14 mostaza filete negro,EXISTE,1,107.76,43.10,43.10,,
Mostaza filete negro,PH20,Plato 20 hondo,PH20Y3001111,Plato 20 hondo mostaza filete negro,EXISTE,1,172.41,68.97,68.97,,
Mostaza filete negro,PL14,Plato 14,PL14Y3001111,Plato 14 mostaza filete negro,EXISTE,1,86.21,34.48,34.48,,
Mostaza filete negro,PL24,Plato 24,PL24Y31111,Plato 24 mostaza filete negro,EXISTE,1,172.41,68.97,68.97,,
Mostaza filete negro,PL27,Plato 27,PL27Y3001111,Plato 27 mostaza filete negro,EXISTE,1,228.45,91.38,91.38,,
Negro,VA05,Taza 5,VA05N11111,Taza 5 negro filete negro,EXISTE,1,68.97,27.59,27.59,,
Negro,SA08,Salsera 8,SA08N11111,Salsera 8 negro filete negro,EXISTE,1,77.59,31.03,31.03,,
Negro,VA08,Taza 8,VA08N11111,Taza 8 negro filete negro,EXISTE,1,86.21,34.48,34.48,,
Negro,TA14,Tazon 14,TA14N11111,Tazon 14 negro filete negro,EXISTE,1,107.76,43.10,43.10,,
Negro,PH20,Plato 20 hondo,PH20N1001111,Plato 20 hondo negro filete negro,EXISTE,1,172.41,68.97,68.97,,
Negro,PL14,Plato 14,PL14N1001111,Plato 14 negro filete negro,EXISTE,1,86.21,34.48,34.48,,
Negro,PL24,Plato 24,PL24N11111,Plato 24 negro filete negro,EXISTE,1,172.41,68.97,68.97,,
Negro,PL27,Plato 27,PL27N1001111,Plato 27 negro filete negro,EXISTE,1,228.45,91.38,91.38,,
Negro con manchas blancas,VA05,Taza 5,VA05N1B12111,Taza 5 negro con manchas blancas filete negro,EXISTE,1,99.14,39.66,39.66,,
Negro con manchas blancas,SA08,Salsera 8,SA08N1B12111,Salsera 8 negro con manchas blancas filete negro,EXISTE,1,107.76,43.10,43.10,,
Negro con manchas blancas,VA08,Taza 8,VA08N1B12111,Taza 8 negro con manchas blancas filete negro,EXISTE,1,116.38,46.55,46.55,,
Negro con manchas blancas,TA14,Tazon 14,TA14N1B12111,Tazon 14 negro con manchas blancas filete negro,EXISTE,1,163.79,65.52,65.52,,
Negro con manchas blancas,PH20,Plato 20 hondo,PH20N1B12111,Plato 20 hondo negro con manchas blancas filete negro,EXISTE,1,254.31,101.72,101.72,,
Negro con manchas blancas,PL14,Plato 14,PL14N1B12111,Plato 14 negro con manchas blancas filete negro,EXISTE,1,116.38,46.55,46.55,,
Negro con manchas blancas,PL24,Plato 24,PL24N1B12111,Plato 24 negro con manchas blancas filete negro,EXISTE,1,254.31,101.72,101.72,,
Negro con manchas blancas,PL27,Plato 27,PL27N1B12111,Plato 27 negro con manchas blancas filete negro,EXISTE,1,331.90,132.76,132.76,,
Negro salpicado de blanco,VA05,Taza 5,VA05N1B17111,Taza 5 negro salpicado blanco filete negro,EXISTE,1,99.14,39.66,39.66,,
Negro salpicado de blanco,SA08,Salsera 8,SA08N1B17111,Salsera 8 negro salpicado blanco filete negro,EXISTE,1,107.76,43.10,43.10,,
Negro salpicado de blanco,VA08,Taza 8,VA08N1B17111,Taza 8 negro salpicado blanco filete negro,EXISTE,1,116.38,46.55,46.55,,
Negro salpicado de blanco,TA14,Tazon 14,TA14N1B17111,Tazon 14 negro salpicado blanco filete negro,EXISTE,1,163.79,65.52,65.52,,
Negro salpicado de blanco,PH20,Plato 20 hondo,PH20N1B17111,Plato 20 hondo negro salpicado blanco filete negro,EXISTE,1,254.31,101.72,101.72,,
Negro salpicado de blanco,PL14,Plato 14,PL14N1B17111,Plato 14 negro salpicado blanco filete negro,EXISTE,1,116.38,46.55,46.55,,
Negro salpicado de blanco,PL24,Plato 24,PL24N1B17111,Plato 24 negro salpicado blanco filete negro,EXISTE,1,254.31,101.72,101.72,,
Negro salpicado de blanco,PL27,Plato 27,PL27N1B17111,Plato 27 negro salpicado blanco filete negro,EXISTE,1,331.90,132.76,132.76,,
Nopal filete negro,VA05,Taza 5,VA05V4001111,Taza 5 nopal filete negro,EXISTE,1,68.97,27.59,27.59,,
Nopal filete negro,SA08,Salsera 8,SA08V4001111,Salsera 8 nopal filete negro,EXISTE,1,77.59,31.03,31.03,,
Nopal filete negro,VA08,Taza 8,VA08V4001111,Taza 8 nopal filete negro,EXISTE,1,86.21,34.48,34.48,,
Nopal filete negro,TA14,Tazon 14,TA14V4001111,Tazon 14 nopal filete negro,EXISTE,1,107.76,43.10,43.10,,
Nopal filete negro,PH20,Plato 20 hondo,PH20V4001111,Plato 20 hondo nopal filete negro,EXISTE,1,172.41,68.97,68.97,,
Nopal filete negro,PL14,Plato 14,PL14V4001111,Plato 14 nopal filete negro,EXISTE,1,86.21,34.48,34.48,,
Nopal filete negro,PL24,Plato 24,PL24V4001111,Plato 24 nopal filete negro,EXISTE,1,172.41,68.97,68.97,,
Nopal filete negro,PL27,Plato 27,PL27V4001111,Plato 27 nopal filete negro,EXISTE,1,228.45,91.38,91.38,,
Prusia filete negro,VA05,Taza 5,VA05V21111,Taza 5 prusia filete negro,EXISTE,1,68.97,27.59,27.59,,
Prusia filete negro,SA08,Salsera 8,SA08V2001111,Salsera 8 prusia filete negro,EXISTE,1,77.59,31.03,31.03,,
Prusia filete negro,VA08,Taza 8,VA08V21111,Taza 8 prusia filete negro,EXISTE,1,86.21,34.48,34.48,,
Prusia filete negro,TA14,Tazon 14,TA14V21111,Tazon 14 prusia filete negro,EXISTE,1,107.76,43.10,43.10,,
Prusia filete negro,PH20,Plato 20 hondo,PH20V2001111,Plato 20 hondo prusia filete negro,EXISTE,1,172.41,68.97,68.97,,
Prusia filete negro,PL14,Plato 14,PL14V2001111,Plato 14 prusia filete negro,EXISTE,1,86.21,34.48,34.48,,
Prusia filete negro,PL24,Plato 24,PL24V21111,Plato 24 prusia filete negro,EXISTE,1,172.41,68.97,68.97,,
Prusia filete negro,PL27,Plato 27,PL27V2001111,Plato 27 prusia filete negro,EXISTE,1,228.45,91.38,91.38,,
Rosa filete negro,VA05,Taza 5,VA05P31111,Taza 5 rosa filete negro,EXISTE,1,68.97,27.59,27.59,,
Rosa filete negro,SA08,Salsera 8,SA08P3001111,Salsera 8 rosa filete negro,EXISTE,1,77.59,31.03,31.03,,
Rosa filete negro,VA08,Taza 8,VA08P31111,Taza 8 rosa filete negro,EXISTE,1,86.21,34.48,34.48,,
Rosa filete negro,TA14,Tazon 14,TA14P31111,Tazon 14 rosa filete negro,EXISTE,1,107.76,43.10,43.10,,
Rosa filete negro,PH20,Plato 20 hondo,PH20P3001111,Plato 20 hondo rosa filete negro,EXISTE,1,172.41,68.97,68.97,,
Rosa filete negro,PL14,Plato 14,PL14P3001111,Plato 14 rosa filete negro,EXISTE,1,86.21,34.48,34.48,,
Rosa filete negro,PL24,Plato 24,PL24P31111,Plato 24 rosa filete negro,EXISTE,1,172.41,68.97,68.97,,
Rosa filete negro,PL27,Plato 27,PL27P3001111,Plato 27 rosa filete negro,EXISTE,1,228.45,91.38,91.38,,
Rosa filete nopal,VA05,Taza 5,VA05P3001116,Taza 5 rosa filete nopal,EXISTE,1,68.97,27.59,27.59,,
Rosa filete nopal,SA08,Salsera 8,SA08P3001116,Salsera 8 rosa filete nopal,EXISTE,1,77.59,31.03,31.03,,
Rosa filete nopal,VA08,Taza 8,VA08P3001116,Taza 8 rosa filete nopal,EXISTE,1,86.21,34.48,34.48,,
Rosa filete nopal,TA14,Tazon 14,TA14P3001116,Tazon 14 rosa filete nopal,EXISTE,1,107.76,43.10,43.10,,
Rosa filete nopal,PH20,Plato 20 hondo,PH20P3001116,Plato 20 hondo rosa filete nopal,EXISTE,1,172.41,68.97,68.97,,
Rosa filete nopal,PL14,Plato 14,PL14P3001116,Plato 14 rosa filete nopal,EXISTE,1,86.21,34.48,34.48,,
Rosa filete nopal,PL24,Plato 24,PL24P3001116,Plato 24 rosa filete nopal,EXISTE,1,172.41,68.97,68.97,,
Rosa filete nopal,PL27,Plato 27,PL27P3001116,Plato 27 rosa filete nopal,EXISTE,1,228.45,91.38,91.38,,
Verde bosque,VA05,Taza 5,VA05V11113,Taza 5 verde filete verde,EXISTE,1,68.97,27.59,27.59,,
Verde bosque,SA08,Salsera 8,SA08V11113,Salsera 8 verde filete verde,EXISTE,1,77.59,31.03,31.03,,
Verde bosque,VA08,Taza 8,VA08V11113,Taza 8 verde filete verde,EXISTE,1,86.21,34.48,34.48,,
Verde bosque,TA14,Tazon 14,TA14V11113,Tazon 14 verde filete verde,EXISTE,1,107.76,43.10,43.10,,
Verde bosque,PH20,Plato 20 hondo,PH20V1001113,Plato 20 hondo verde filete verde,EXISTE,1,172.41,68.97,68.97,,
Verde bosque,PL14,Plato 14,PL14V1001113,Plato 14 verde filete verde,EXISTE,1,86.21,34.48,34.48,,
Verde bosque,PL24,Plato 24,PL24V11113,Plato 24 verde filete verde,EXISTE,1,172.41,68.97,68.97,,
Verde bosque,PL27,Plato 27,PL27V1001113,Plato 27 verde filete verde,EXISTE,1,228.45,91.38,91.38,,
Verde con manchas rosas,VA05,Taza 5,VA05V1N1M1,Taza 5 verde con manchas rosas filete negro,EXISTE,1,99.14,39.66,39.66,,
Verde con manchas rosas,SA08,Salsera 8,SA08V1P32111,Salsera 8 verde con manchas rosas filete negro,EXISTE,1,107.76,43.10,43.10,,
Verde con manchas rosas,VA08,Taza 8,VA08V1N1M1,Taza 8 verde con manchas rosas filete negro,EXISTE,1,116.38,46.55,46.55,,
Verde con manchas rosas,TA14,Tazon 14,TA14V1N1M1,Tazon 14 verde con manchas rosas filete negro,EXISTE,1,163.79,65.52,65.52,,
Verde con manchas rosas,PH20,Plato 20 hondo,PH20V1P32111,Plato 20 hondo verde con manchas rosas filete negro,EXISTE,1,254.31,101.72,101.72,,
Verde con manchas rosas,PL14,Plato 14,PL14V1P32111,Plato 14 verde con manchas rosas filete negro,EXISTE,1,116.38,46.55,46.55,,
Verde con manchas rosas,PL24,Plato 24,PL24V1N1M1,Plato 24 verde con manchas rosas filete negro,EXISTE,1,254.31,101.72,101.72,,
Verde con manchas rosas,PL27,Plato 27,PL27V1P32111,Plato 27 verde con manchas rosas filete negro,EXISTE,1,331.90,132.76,132.76,,
Verde pastel filete negro,VA05,Taza 5,VA05V5001111,Taza 5 verde pastel filete negro,EXISTE,1,68.97,27.59,27.59,,
Verde pastel filete negro,SA08,Salsera 8,SA08V5001111,Salsera 8 verde pastel filete negro,EXISTE,1,77.59,31.03,31.03,,
Verde pastel filete negro,VA08,Taza 8,VA08V5001111,Taza 8 verde pastel filete negro,EXISTE,1,86.21,34.48,34.48,,
Verde pastel filete negro,TA14,Tazon 14,TA14V5001111,Tazon 14 verde pastel filete negro,EXISTE,1,107.76,43.10,43.10,,
Verde pastel filete negro,PH20,Plato 20 hondo,PH20V5001111,Plato 20 hondo verde pastel filete negro,EXISTE,1,172.41,68.97,68.97,,
Verde pastel filete negro,PL14,Plato 14,PL14V5001111,Plato 14 verde pastel filete negro,EXISTE,1,86.21,34.48,34.48,,
Verde pastel filete negro,PL24,Plato 24,PL24V5001111,Plato 24 verde pastel filete negro,EXISTE,1,172.41,68.97,68.97,,
Verde pastel filete negro,PL27,Plato 27,PL27V5001111,Plato 27 verde pastel filete negro,EXISTE,1,228.45,91.38,91.38,,